{"cameraMode":{"drawMode":0,"name":"Shaded","section":"Shading Mode"},"sceneLighting":false,"audioPlay":false,"sceneViewState":{"showFog":true,"showMaterialUpdate":false,"showSkybox":false,"showFlares":true,"showImageEffects":true,"showParticleSystems":true},"in2DMode":false,"pivot":{"x":-0.06260716915130615,"y":0.6678215265274048,"z":7.005576133728027},"rotation":{"x":0.010912408120930195,"y":0.8342117667198181,"z":-0.5511040687561035,"w":0.016520999372005464},"size":2.413015842437744,"orthographic":false}